{
  "D0": {
    "hard": 0.33106575963718815,
    "medium": 0.3773584905660377,
    "easy": 0.2380952380952381
  },
  "D1": {
    "hard": 0.009523809523809523,
    "medium": 0.0,
    "easy": 0.041666666666666664
  },
  "D2": {
    "hard": 0.3148148148148148,
    "medium": 0.34905660377358494,
    "easy": 0.17361111111111108
  },
  "D3": {
    "hard": 0.3677248677248677,
    "medium": 0.3867924528301887,
    "easy": 0.25
  },
  "D4": {
    "hard": 0.3068783068783069,
    "medium": 0.33647798742138363,
    "easy": 0.1527777777777778
  },
  "D5": {
    "hard": 0.007936507936507936,
    "medium": 0.0,
    "easy": 0.041666666666666664
  }
}