{
  "D0": {
    "easy": 0.2857142857142857,
    "medium": 0.25,
    "hard": 0.5
  },
  "D1": {
    "easy": 0.07142857142857142,
    "medium": 0.08333333333333333,
    "hard": 0.0
  },
  "D2": {
    "easy": 0.2857142857142857,
    "medium": 0.16666666666666666,
    "hard": 0.3571428571428571
  },
  "D3": {
    "easy": 0.0,
    "medium": 0.16666666666666666,
    "hard": 0.5
  },
  "D4": {
    "easy": 0.0,
    "medium": 0.08333333333333333,
    "hard": 0.5
  }
}